Word,Count
unsicherheit,37349
verunsicherung,14950
verunsichert,12691
unsicher,11904
unsicherheiten,11789
unsicheren,8342
unsichere,4070
verunsichern,3685
unsicherer,2568
verunsicherten,2440
verunsicherte,2064
unsicherheitsfaktor,1732
rechtsunsicherheit,1651
verunsichere,719
unsicherheitsfaktoren,709
verunsicherungen,471
unsicheres,361
unsicherem,314
verunsicherter,256
rechtsunsicherheiten,246
zinsunsicherheit,215
planungsunsicherheit,174
unsichersten,127
unsichereren,85
unsicherste,73
verunsichertes,72
unsicherheitsgefühl,55
arbeitsplatzunsicherheit,53
zinsunsicherheiten,52
verunsicherungskampagne,49
unsicherere,43
verunsichernde,42
marktunsicherheiten,42
währungsunsicherheiten,41
unsicherheitsschock,38
investitionsunsicherheit,37
marktunsicherheit,35
unsicherheitsphase,32
prognoseunsicherheit,32
verunsichernd,31
verunsichernden,31
unsicherheits,28
konjunkturunsicherheit,27
verunsicherungsstrategie,23
währungsunsicherheit,21
planungsunsicherheiten,20
restunsicherheit,18
unsicherheitsmoment,17
unsicherheitselement,17
jobunsicherheit,16
verkehrsunsicher,15
versorgungsunsicherheit,15
marktverunsicherung,15
ernährungsunsicherheit,15
unsicherheitsmarge,13
konjunkturunsicherheiten,12
prognoseunsicherheiten,12
verunsicherungs,10
unsicherheitsgefühle,10
wechselkursunsicherheit,10
unsicherheitsquelle,10
unsicherster,10
lebensmittelunsicherheit,10
zukunftsunsicherheit,9
verunsicherer,9
unsicherheitsmomente,9
preisunsicherheit,9
unsicherheitsphasen,9
verunsicherungskampagnen,9
unsicherheitsprämie,9
unsicherheitsfaktors,8
einkommensunsicherheit,8
verunsicherungspolitik,8
nahrungsmittelunsicherheit,8
unsicherheitsgrad,8
unsicherheitsmargen,8
wahlunsicherheit,8
verbraucherverunsicherung,8
verkehrsunsicherheit,8
unsicherheitselemente,7
wechselkursunsicherheiten,7
unsicherheitskomponente,7
unsicherheitsvermeidung,7
börsenunsicherheiten,7
unsicherheitsrat,6
schätzunsicherheiten,6
unsicherheitsbereich,6
verunsichernder,6
rentenunsicherheit,5
rechtunsicherheit,5
dollarunsicherheit,5
kursunsicherheiten,5
inflationsunsicherheit,5
bewertungsunsicherheiten,5
kriegsunsicherheit,5
unsicherheitsempfinden,5
unsicherheitsperiode,4
unsicherheitsminister,4
kursunsicherheit,4
steuerunsicherheit,4
schätzunsicherheit,4
entscheidungsunsicherheit,4
bewertungsunsicherheit,4
unsichern,4
rentnerverunsicherung,4
hauptunsicherheitsfaktor,4
zahlungsunsicherheiten,4
unsicherheitsmomenten,4
investitionsunsicherheiten,4
datenunsicherheit,4
verkehrsunsichere,4
unsicherheitsaufschlag,4
verunsicherndes,4
konsumverunsicherung,4
verunsicherungspotenzial,4
unsicherheitspotenzial,4
verunsicherern,4
grundverunsicherung,4
unsicherheitsrates,3
verunsicherungsfaktoren,3
unsichereit,3
preisunsicherheiten,3
wahlunsicherheiten,3
verunsichertem,3
bürgerverunsicherung,3
existenzunsicherheit,3
verkehrsunsicheren,3
rechtsunsicher,3
selbstunsicherheit,3
reformunsicherheit,3
datenunsicherheiten,3
treffunsicherheit,3
verunsicherungstaktik,3
unsicherheitsposten,3
patientenverunsicherung,3
kundenverunsicherung,3
käuferverunsicherung,3
preisverunsicherung,3
regulierungsunsicherheit,3
restunsicherheiten,3
energieunsicherheit,3
finanzmarktunsicherheiten,3
unsicherheitsschocks,3
unsicherheitskräfte,3
auslegungsunsicherheiten,3
verunsicherndem,2
finanzierungsunsicherheiten,2
unsichererem,2
unsichertheit,2
rechtsunsicheren,2
versunsichern,2
unsicherheitspotential,2
selbstverunsicherung,2
unsicherheitsgefühls,2
standortverunsicherung,2
riesenverunsicherung,2
patentunsicherheiten,2
verunsicheren,2
unsicherheitselementen,2
rentenverunsicherung,2
verunsicherungsstrategien,2
verunsicherungsminister,2
kalkulationsunsicherheit,2
unsicherheitspotentiale,2
statusunsicherheit,2
lieferunsicherheiten,2
arbeitsplatzunsicherheiten,2
verunsicherungsdebatte,2
unsicherhheit,2
ertragsunsicherheit,2
unsicherheitsspanne,2
verordnungsunsicherheit,2
verunsicherungswirkung,2
verunsicherungsfaktor,2
unsicherheitsquote,2
informationsunsicherheiten,2
börsenunsicherheit,2
bonitätsunsicherheiten,2
verbraucherunsicherheit,2
gewinnunsicherheit,2
erziehungsunsicherheit,2
unsichererer,2
kundenunsicherheit,2
unsicherheitslage,2
unsicherheitsabschlägen,2
zukunftsunsicherheiten,2
krisenunsicherheitsfaktor,2
unsichereres,2
verunsicherungsabsichten,2
unsicherheitsindikator,2
unsicherheitsbehörden,2
nahrungsunsicherheit,2
verhaltensunsicherheit,2
unsicherheitsfakter,2
wachstumsunsicherheit,2
verunsicherungskraft,2
erwartungsunsicherheit,2
unsicherheitsgefühlen,2
unsicherheitsprofiteuren,2
handlungsunsicherheit,2
lebensunsicherheit,2
betriebsunsicher,1
unsicherheitmarge,1
unsicherhiet,1
staatsunsicherheit,1
rechtsunsicherer,1
handlungsunsicherheiten,1
konjunkturunsicher,1
unsicherheitsdienst,1
hauptunsicherheit,1
wirtschaftsunsicherheit,1
selbstunsicheren,1
unsicherheitsratssitz,1
reaktorunsicherheitsminister,1
schätzungsunsicherheiten,1
interpretationsunsicherheit,1
verunsicherun,1
verunsicherng,1
unsicherheitsthemen,1
identitätsunsicherheit,1
messunsicherheit,1
hochunsicheren,1
verunsicherungsgerede,1
unsicherheitensmomente,1
hauptunsicherheiten,1
unsicherheitsterrain,1
devisenunsicherheit,1
tarifunsicherheit,1
taifunsichere,1
sunsicherheit,1
startunsicherheit,1
reserveunsicherheit,1
unsicherheitsrats,1
branchenunsicherheit,1
etatunsicherheit,1
standortunsicherheit,1
unsicherheitfaktor,1
verunsicherungsgeschichte,1
zweitunsicherste,1
jobverunsicherung,1
verunsicherug,1
unsichereitsfaktoren,1
verunsicherungabzubauen,1
unsicherheitsrabatt,1
honorarunsicherheit,1
technologieunsicherheit,1
unsicherseitsfaktor,1
konjunkturverunsicherung,1
netzunsicherheiten,1
führungsunsicherheit,1
verunsicherungseffekt,1
unsicherheitszuschläge,1
unsichertheiten,1
verschreibungsunsicherheiten,1
gesamtunsicherheit,1
rehtsunsicherheit,1
realzinsunsicherheit,1
scheinunsicherheit,1
eurounsicherheit,1
unsicherheitsministerium,1
unsicherheitszone,1
verkehrsunsicheres,1
asienunsicherheiten,1
finanzunsicherheiten,1
beschäftigungsunsichere,1
fahrunsicherheiten,1
kaufunsicherheit,1
instinktunsichere,1
meßunsicherheit,1
anwendungsunsicherheit,1
unsicherheitsbedingt,1
touristenverunsicherung,1
verunsicherungsprogramm,1
rechtsunsicherem,1
terminunsicherheiten,1
zinsverunsicherten,1
verunsicherungsmanöver,1
unsicherheitsfakrtoren,1
haftungsunsicherheit,1
asbestunsicherheit,1
riesenunsicherheit,1
erfolgsunsicherheit,1
terminunsicherheit,1
inflationsunsicherheiten,1
unsicherheitsstimmung,1
unsicherheitsgründen,1
normunsicherheit,1
bilanzunsicherheit,1
dividendenunsicherheiten,1
verunsicherungsgrad,1
unsicherheitsspuren,1
strukturunsicherheiten,1
steuerunsicherheiten,1
treffunsicheren,1
rechsunsicherheit,1
währungsunsicherheitenetwa,1
unsicherhei,1
unsicherheitsszenario,1
konsumentenverunsicherung,1
zukunftsverunsicherung,1
unsicherheitsabschlag,1
kriegsunsicherheiten,1
steuerverunsicherung,1
gewerbesteuerunsicherheit,1
irakunsicherheit,1
rollenunsicherheit,1
glaubensunsicherheit,1
qualitätsunsicherheit,1
verunsicherungsfrage,1
terrorunsicherheit,1
unsicherheitsgröße,1
verunsicherungsphase,1
angebotsunsicherheit,1
unsicherstem,1
unsicherheitsargument,1
ertragsunsicherheiten,1
förderunsicherheit,1
unsicherheitseinschätzungen,1
unsicherheitsrisiken,1
gewinnunsicherheiten,1
allgemeinenverunsicherung,1
markunsicherheit,1
unsicherheitsindex,1
unsicherheitserfahrungen,1
vogelgrippenverunsicherung,1
rentenverunsicherten,1
strategieunsicherheit,1
aktienmarktunsicherheiten,1
glaubensunsicheren,1
unsicherenmarktphasen,1
börsenverunsicherte,1
generalverunsicherung,1
unsicherheitsbedingungen,1
kostenunsicherheit,1
käuferverunsicherungen,1
geschmacksunsicheren,1
verunsicherungsspektakel,1
wachstumsunsicherheiten,1
fahrunsicherheit,1
flugunsicherheit,1
begriffsunsicherheit,1
schneeunsicheren,1
unsicherheitsfakor,1
beitragsunsicherheit,1
renditeunsicherheit,1
budgetunsicherheit,1
unsicherheitskrise,1
verunsicherende,1
tonnenunsicher,1
vertragsunsicherheit,1
kreditunsicherheit,1
krisenunsicherheit,1
unsicherheitsfall,1
modellunsicherheit,1
unsicherheitssituationen,1
berufsunsicherheit,1
rechstunsicherheit,1
unsicherdie,1
unsicherheitsprämien,1
beschaffungsunsicherheiten,1
entscheidungsunsicher,1
dauerverunsicherung,1
unsicherheitspunkt,1
glücklichunsicherheit,1
verunsicherungsspirale,1
bonitätunsicherheit,1
versorgungsunsicherheiten,1
unsicherheitswellen,1
stilunsicherheit,1
selbstunsichere,1
unsicherheitsarchitektur,1
unsichersichten,1
beschäftigungsunsicherheit,1
geschmacksunsicherheit,1
unsicherheitsherd,1
versunsichert,1
unsicherheitsproblem,1
unsicherheitsvariable,1
dauerunsicheren,1
kostenunsichere,1
definitionsunsicherheit,1
unsicherheitswelle,1
wissensunsicherheit,1
unsichert,1
dauerunsicherheit,1
verunsicherungsgesetz,1
wählerverunsicherung,1
verunsicher,1
geschäftsunsicherheit,1
einkommensunsicherer,1
verunsicherungsthemen,1
verunsichertund,1
berufsverunsicherung,1
lebensverunsicherung,1
nahrunsmittelunsicherheit,1
unsicherheitsnebel,1
derunsicherheit,1
verunsicherungsglaube,1
anlageunsicherheit,1
grundunsicherheit,1
altersverunsicherungsbericht,1
restwertunsicherheit,1
rechtunsicherheiten,1
unsicherheitsargumente,1
unsicherheitsministers,1
unsicherheitsempfindens,1
unsicherheitslast,1
verunsicherst,1
lebensverunsicherer,1
alltagsunsicherheit,1
verunsicherungsgefühle,1
unsicherheitskonferenz,1
produktunsicherheit,1
unsicherheitsberater,1
unsicherheitspolitik,1
unsicherheitsniveau,1
unsicherheitsliste,1
